                  epoch,         train/box_loss,         train/cls_loss,         train/dfl_loss,   metrics/precision(B),      metrics/recall(B),       metrics/mAP50(B),    metrics/mAP50-95(B),           val/box_loss,           val/cls_loss,           val/dfl_loss,                 lr/pg0,                 lr/pg1,                 lr/pg2
                      0,                  2.586,                 2.5941,                 3.5185,                0.84884,                0.68048,                0.85015,                0.55471,                 1.8577,                 2.1168,                 2.2359,               0.070059,              0.0033268,              0.0033268
                      1,                0.82444,                0.84714,                 1.6026,                0.99651,                 0.9967,                0.99492,                0.99386,                0.29167,                 0.3959,                 0.5334,               0.039795,              0.0063964,              0.0063964
                      2,                0.37082,                0.46269,                 1.0567,                0.99734,                0.99601,                0.99498,                0.99386,                0.22979,                0.28075,                0.34294,              0.0092671,               0.009202,               0.009202
                      3,                0.27647,                0.36654,                0.98113,                      1,                0.99931,                  0.995,                0.99455,                0.12082,                0.14648,                0.20931,               0.008812,               0.008812,               0.008812
                      4,                0.22602,                0.31686,                0.94708,                 0.9995,                 0.9994,                  0.995,                 0.9946,                0.14745,                0.14933,                0.23618,               0.008812,               0.008812,               0.008812
